[
  {
    "step": "Read the dependency files and boilerplate to understand the environment and constraints.",
    "sub_steps": [
      "Open and read /home/coder/project/workspace/question_generation_service/solutions/ff9123be-1fbf-49aa-ae87-49eccb28ece0/springapp/pom.xml to note all dependencies (focus on Spring Boot, JPA, Validation, MySQL).",
      "Open and read /home/coder/project/workspace/question_generation_service/solutions/ff9123be-1fbf-49aa-ae87-49eccb28ece0/reactapp/package.json to note React and testing dependencies.",
      "Review the /home/coder/project/workspace/question_generation_service/solutions/ff9123be-1fbf-49aa-ae87-49eccb28ece0 boilerplate structure (backend and frontend) for existing files/directories, especially for configuration files."
    ],
    "files_to_add": [],
    "files_to_edit": [
      "/home/coder/project/workspace/question_generation_service/solutions/ff9123be-1fbf-49aa-ae87-49eccb28ece0/springapp/pom.xml",
      "/home/coder/project/workspace/question_generation_service/solutions/ff9123be-1fbf-49aa-ae87-49eccb28ece0/reactapp/package.json"
    ],
    "description": "Ensures a clear understanding of project dependencies, prevents dependency conflicts, and helps plan accurate import statements for all subsequent implementation steps on both backend and frontend."
  },
  {
    "step": "Implement backend entity models and database mapping using JPA.",
    "sub_steps": [
      "Create Student, Subject, and Score entity classes with necessary fields and JPA/jakarta.persistence annotations.",
      "Define one-to-many and many-to-one relationships per specification: Score references Student and Subject.",
      "Implement validation annotations (e.g., @NotNull, @Size, @Email, custom for score value and examDate) with appropriate error messages.",
      "Configure unique constraints for rollNumber (Student) and code (Subject)."
    ],
    "files_to_add": [
      "/home/coder/project/workspace/question_generation_service/solutions/ff9123be-1fbf-49aa-ae87-49eccb28ece0/springapp/src/main/java/com/examly/springapp/model/Student.java",
      "/home/coder/project/workspace/question_generation_service/solutions/ff9123be-1fbf-49aa-ae87-49eccb28ece0/springapp/src/main/java/com/examly/springapp/model/Subject.java",
      "/home/coder/project/workspace/question_generation_service/solutions/ff9123be-1fbf-49aa-ae87-49eccb28ece0/springapp/src/main/java/com/examly/springapp/model/Score.java"
    ],
    "files_to_edit": [],
    "description": "Defines the domain model reflecting requirements for Student, Subject, and Score and ensures correct mapping to MySQL database tables using JPA. Forms the foundation for repository and service logic."
  },
  {
    "step": "Create JPA repositories for each entity.",
    "sub_steps": [
      "Implement StudentRepository, SubjectRepository, and ScoreRepository as interfaces extending JpaRepository.",
      "Add custom query methods for specific filtering, e.g. by grade, by subject, date range, exam type for Score."
    ],
    "files_to_add": [
      "/home/coder/project/workspace/question_generation_service/solutions/ff9123be-1fbf-49aa-ae87-49eccb28ece0/springapp/src/main/java/com/examly/springapp/repository/StudentRepository.java",
      "/home/coder/project/workspace/question_generation_service/solutions/ff9123be-1fbf-49aa-ae87-49eccb28ece0/springapp/src/main/java/com/examly/springapp/repository/SubjectRepository.java",
      "/home/coder/project/workspace/question_generation_service/solutions/ff9123be-1fbf-49aa-ae87-49eccb28ece0/springapp/src/main/java/com/examly/springapp/repository/ScoreRepository.java"
    ],
    "files_to_edit": [],
    "description": "Enables CRUD and custom query access to Student, Subject, and Score data via Spring Data JPA. Required for implementing service and REST logic."
  },
  {
    "step": "Implement service layers for Student, Subject, and Score with business logic.",
    "sub_steps": [
      "Create StudentService, SubjectService, and ScoreService classes.",
      "Implement logic for validation, entity creation, retrieval, and filtering according to requirements.",
      "Handle error scenarios: missing data, validation failures, duplicate constraint violations with meaningful exceptions and error messages.",
      "Implement performance trend data aggregation method in ScoreService."
    ],
    "files_to_add": [
      "/home/coder/project/workspace/question_generation_service/solutions/ff9123be-1fbf-49aa-ae87-49eccb28ece0/springapp/src/main/java/com/examly/springapp/service/StudentService.java",
      "/home/coder/project/workspace/question_generation_service/solutions/ff9123be-1fbf-49aa-ae87-49eccb28ece0/springapp/src/main/java/com/examly/springapp/service/SubjectService.java",
      "/home/coder/project/workspace/question_generation_service/solutions/ff9123be-1fbf-49aa-ae87-49eccb28ece0/springapp/src/main/java/com/examly/springapp/service/ScoreService.java"
    ],
    "files_to_edit": [],
    "description": "Encapsulates all business logic and data access, provides a layer of abstraction and testability, and prepares for REST controller implementation. Handles error and validation cases."
  },
  {
    "step": "Create REST Controllers for managing students, subjects, and scores (with full API contract and validation).",
    "sub_steps": [
      "Implement StudentController exposing /api/students REST endpoints for CRUD as described.",
      "Implement SubjectController exposing /api/subjects endpoints.",
      "Implement ScoreController exposing /api/scores, /api/scores/student/{id}, and trend endpoints, including all required query parameter handling and filters.",
      "Ensure error scenarios use standard HTTP status codes (400, 404, etc.) with structured error responses.",
      "Enable CORS configuration to permit requests from the frontend (React; configure to allow http://localhost:3000 or any as needed)."
    ],
    "files_to_add": [
      "/home/coder/project/workspace/question_generation_service/solutions/ff9123be-1fbf-49aa-ae87-49eccb28ece0/springapp/src/main/java/com/examly/springapp/controller/StudentController.java",
      "/home/coder/project/workspace/question_generation_service/solutions/ff9123be-1fbf-49aa-ae87-49eccb28ece0/springapp/src/main/java/com/examly/springapp/controller/SubjectController.java",
      "/home/coder/project/workspace/question_generation_service/solutions/ff9123be-1fbf-49aa-ae87-49eccb28ece0/springapp/src/main/java/com/examly/springapp/controller/ScoreController.java",
      "/home/coder/project/workspace/question_generation_service/solutions/ff9123be-1fbf-49aa-ae87-49eccb28ece0/springapp/src/main/java/com/examly/springapp/config/CorsConfig.java"
    ],
    "files_to_edit": [],
    "description": "Exposes all required API endpoints as specified, ensuring client (frontend) can interact with backend and utilize required features with error handling and CORS support."
  },
  {
    "step": "Implement backend JUnit test cases as per provided requirements.",
    "sub_steps": [
      "For createStudentTest: Write and run service/controller tests for valid and invalid student creation, unique roll number constraint, and required field validation.",
      "For createScoreTest: Ensure Score creation validates value (0-100), rejects future examDate, and handles non-existent student/subject IDs.",
      "For getStudentScoresTest: Test retrieval of scores by student, with and without filters for subject, date range, and exam type. Check for not found errors.",
      "For getPerformanceTrendTest: Test ordered retrieval of trend data by student/subject and correct empty/non-existent error handling."
    ],
    "files_to_add": [
      "/home/coder/project/workspace/question_generation_service/solutions/ff9123be-1fbf-49aa-ae87-49eccb28ece0/springapp/src/test/java/com/examly/springapp/service/StudentServiceTest.java",
      "/home/coder/project/workspace/question_generation_service/solutions/ff9123be-1fbf-49aa-ae87-49eccb28ece0/springapp/src/test/java/com/examly/springapp/service/ScoreServiceTest.java",
      "/home/coder/project/workspace/question_generation_service/solutions/ff9123be-1fbf-49aa-ae87-49eccb28ece0/springapp/src/test/java/com/examly/springapp/service/SubjectServiceTest.java",
      "/home/coder/project/workspace/question_generation_service/solutions/ff9123be-1fbf-49aa-ae87-49eccb28ece0/springapp/src/test/java/com/examly/springapp/controller/ScoreControllerTest.java"
    ],
    "files_to_edit": [],
    "description": "Implements all backend-related test cases from the Test Cases JSON. Provides comprehensive coverage of positive and negative scenarios, using mocks for repositories/services if necessary."
  },
  {
    "step": "Compile and run all backend tests to validate backend logic.",
    "sub_steps": [
      "Run mvn clean compile -q -Dspring.main.banner-mode=off to check for Java compilation errors.",
      "Run mvn test -q -Dspring.main.banner-mode=off to execute backend JUnit tests.",
      "Run mvn clean install -q -Dspring.main.banner-mode=off for final build."
    ],
    "files_to_add": [],
    "files_to_edit": [],
    "description": "Ensures backend code is syntactically correct and passes all defined tests, providing a solid foundation before frontend integration."
  },
  {
    "step": "Implement reusable utilities and constants for the React frontend.",
    "sub_steps": [
      "Create src/utils/api.js for API calls (using fetch or axios as per dependency).",
      "Create src/utils/constants.js to store API base URL and other shared constants.",
      "Ensure error handler utilities are in place for frontend error messaging."
    ],
    "files_to_add": [
      "/home/coder/project/workspace/question_generation_service/solutions/ff9123be-1fbf-49aa-ae87-49eccb28ece0/reactapp/src/utils/api.js",
      "/home/coder/project/workspace/question_generation_service/solutions/ff9123be-1fbf-49aa-ae87-49eccb28ece0/reactapp/src/utils/constants.js"
    ],
    "files_to_edit": [],
    "description": "Enables consistent API integration and simplifies error handling across the frontend React components."
  },
  {
    "step": "Implement StudentList and StudentForm React components with styling and add corresponding tests.",
    "sub_steps": [
      "Create components/StudentList.js: Fetches students from backend, applies grade filter, displays name/roll/grade, and provides navigation to performance.",
      "Create components/StudentForm.js: Renders form for adding students, includes all fields, implements validation, shows error/success, disables submit if errors.",
      "Style forms/list responsively using centralized CSS variables (add/edit index.css if needed for :root variables).",
      "Create StudentList.test.js and StudentForm.test.js: Write tests for student listing, filtering, validation, error messages, button enabling/disabling, and form submission scenarios per requirements."
    ],
    "files_to_add": [
      "/home/coder/project/workspace/question_generation_service/solutions/ff9123be-1fbf-49aa-ae87-49eccb28ece0/reactapp/src/components/StudentList.js",
      "/home/coder/project/workspace/question_generation_service/solutions/ff9123be-1fbf-49aa-ae87-49eccb28ece0/reactapp/src/components/StudentForm.js",
      "/home/coder/project/workspace/question_generation_service/solutions/ff9123be-1fbf-49aa-ae87-49eccb28ece0/reactapp/src/components/StudentList.test.js",
      "/home/coder/project/workspace/question_generation_service/solutions/ff9123be-1fbf-49aa-ae87-49eccb28ece0/reactapp/src/components/StudentForm.test.js"
    ],
    "files_to_edit": [
      "/home/coder/project/workspace/question_generation_service/solutions/ff9123be-1fbf-49aa-ae87-49eccb28ece0/reactapp/src/index.css"
    ],
    "description": "Delivers student management UI and robust form validation. Ensures frontend tests for student list rendering, validation logic, button states, and form submission cover the relevant test cases."
  },
  {
    "step": "Implement ScoreForm and StudentScores React components with required styling and add tests.",
    "sub_steps": [
      "Create components/ScoreForm.js: Form for score entry with dropdowns for student/subject, validation, error/success, and backend submission.",
      "Create components/StudentScores.js: Table for a student's scores, supporting subject/date/exam filtering, and average score display.",
      "Style forms and table to match design guidelines and use CSS variables.",
      "Create ScoreForm.test.js and StudentScores.test.js: Write tests for correct API submission, message displays, error handling, table rendering, filtering, and calculation of averages."
    ],
    "files_to_add": [
      "/home/coder/project/workspace/question_generation_service/solutions/ff9123be-1fbf-49aa-ae87-49eccb28ece0/reactapp/src/components/ScoreForm.js",
      "/home/coder/project/workspace/question_generation_service/solutions/ff9123be-1fbf-49aa-ae87-49eccb28ece0/reactapp/src/components/StudentScores.js",
      "/home/coder/project/workspace/question_generation_service/solutions/ff9123be-1fbf-49aa-ae87-49eccb28ece0/reactapp/src/components/ScoreForm.test.js",
      "/home/coder/project/workspace/question_generation_service/solutions/ff9123be-1fbf-49aa-ae87-49eccb28ece0/reactapp/src/components/StudentScores.test.js"
    ],
    "files_to_edit": [
      "/home/coder/project/workspace/question_generation_service/solutions/ff9123be-1fbf-49aa-ae87-49eccb28ece0/reactapp/src/index.css"
    ],
    "description": "Implements robust score entry and display, including filtering and average calculations. Ensures frontend test cases for score submission, error handling, and table rendering are covered."
  },
  {
    "step": "Implement PerformanceChart React component with required subject picker, messaging, and add tests.",
    "sub_steps": [
      "Create components/PerformanceChart.js: Shows performance trend per subject, with selectable X-axis (dates) and Y-axis (scores 0-100), handles empty-data case gracefully.",
      "Style the chart area using only divs, SVG, or similar (avoid <canvas>), in line with design system.",
      "Create PerformanceChart.test.js: Test chart rendering with mocked API data, subject dropdown, correct axis labels, and empty-state message.",
      "Mock fetch/API calls in test, ensure test covers both data-present and no-data scenarios."
    ],
    "files_to_add": [
      "/home/coder/project/workspace/question_generation_service/solutions/ff9123be-1fbf-49aa-ae87-49eccb28ece0/reactapp/src/components/PerformanceChart.js",
      "/home/coder/project/workspace/question_generation_service/solutions/ff9123be-1fbf-49aa-ae87-49eccb28ece0/reactapp/src/components/PerformanceChart.test.js"
    ],
    "files_to_edit": [
      "/home/coder/project/workspace/question_generation_service/solutions/ff9123be-1fbf-49aa-ae87-49eccb28ece0/reactapp/src/index.css"
    ],
    "description": "Implements the student's subject-specific performance trend visualization using plain React (no canvas), with strong emphasis on test-driven development for chart logic and empty state."
  },
  {
    "step": "Implement navigation/routing and connect all components in React frontend.",
    "sub_steps": [
      "Configure React Router in App.js to handle all specified routes (/students, /students/new, /scores/new, /students/:id/performance, /).",
      "Create a NavigationBar component with links to all main sections (add to all pages).",
      "Ensure route-based loading and error states are handled.",
      "Integrate all previously created functional components into route structure.",
      "Ensure API endpoints use http://localhost:8080 as backend."
    ],
    "files_to_add": [
      "/home/coder/project/workspace/question_generation_service/solutions/ff9123be-1fbf-49aa-ae87-49eccb28ece0/reactapp/src/components/NavigationBar.js"
    ],
    "files_to_edit": [
      "/home/coder/project/workspace/question_generation_service/solutions/ff9123be-1fbf-49aa-ae87-49eccb28ece0/reactapp/src/App.js",
      "/home/coder/project/workspace/question_generation_service/solutions/ff9123be-1fbf-49aa-ae87-49eccb28ece0/reactapp/src/index.css"
    ],
    "description": "Completes app structure so user can navigate between pages and features, ensuring all components are accessible and functioning as intended."
  },
  {
    "step": "Implement frontend Jest test cases as per the requirements for all major components.",
    "sub_steps": [
      "In StudentList.test.js, cover studentListRendering: mock student array, assert display and filter, test 'View Performance' navigation.",
      "In StudentForm.test.js, cover studentFormValidation: test all error cases and form enabling/disabling.",
      "In ScoreForm.test.js, cover scoreFormSubmission: mock API, check proper call, success, error, and reset behavior.",
      "In PerformanceChart.test.js, cover performanceChartRendering: mock API, data display, subject dropdown, empty-state, and subject switching."
    ],
    "files_to_add": [],
    "files_to_edit": [
      "/home/coder/project/workspace/question_generation_service/solutions/ff9123be-1fbf-49aa-ae87-49eccb28ece0/reactapp/src/components/StudentList.test.js",
      "/home/coder/project/workspace/question_generation_service/solutions/ff9123be-1fbf-49aa-ae87-49eccb28ece0/reactapp/src/components/StudentForm.test.js",
      "/home/coder/project/workspace/question_generation_service/solutions/ff9123be-1fbf-49aa-ae87-49eccb28ece0/reactapp/src/components/ScoreForm.test.js",
      "/home/coder/project/workspace/question_generation_service/solutions/ff9123be-1fbf-49aa-ae87-49eccb28ece0/reactapp/src/components/PerformanceChart.test.js"
    ],
    "description": "Implements only the required Jest test cases in their associated component test files, with proper mocking of API calls and assertion of expected component states and behaviors."
  },
  {
    "step": "Compile, lint, and run all frontend (React) tests to validate UI logic.",
    "sub_steps": [
      "Run npm install in /home/coder/project/workspace/question_generation_service/solutions/ff9123be-1fbf-49aa-ae87-49eccb28ece0/reactapp/ to install dependencies.",
      "Run npx eslint src/ --fix for linting and minimal auto-fixes.",
      "Run npm run build to ensure successful compilation.",
      "Run npm run test:ci to execute tests and validate all test cases pass (do not use other test commands)."
    ],
    "files_to_add": [],
    "files_to_edit": [],
    "description": "Validates that the React-based frontend compiles, is stylistically correct, and passes all required Jest tests as per the project requirements."
  }
]