[
  {
    "step": "[FIX] Refactor and enhance PerformanceChart.test.js and (if needed) PerformanceChart.js to address async state/DOM update issues and missing test IDs.",
    "sub_steps": [
      "Review the error stack from step 14 regarding 'Unable to find an element by: [data-testid=...]', especially for nodata-div and err-div not appearing after subject selection change.",
      "Update PerformanceChart.js: Ensure all fallback messages (no data, error, etc.) have 'data-testid' props correctly set. Ensure any asynchronous state change (on subject change) triggers proper re-render and conditional rendering based on data/error/no-data is handled with appropriate test IDs.",
      "Update PerformanceChart.test.js: For all test assertions that look for elements by data-testid, use 'findByTestId' instead of 'getByTestId' to account for async rendering (i.e., 'await screen.findByTestId(\"nodata-div\")'). If test still fails due to switching subject, wrap subject change in act() if needed and then use robust async waits (waitFor, findByTestId) for assertions.",
      "Add debug prints and/or use screen.debug() for test development if you need to verify actual DOM structure during test, then remove them.",
      "Rerun tests for PerformanceChart until all test cases pass, confirming that no errors remain related to test IDs or async waits."
    ],
    "files_to_add": [],
    "files_to_edit": [
      "/home/coder/project/workspace/question_generation_service/solutions/ff9123be-1fbf-49aa-ae87-49eccb28ece0/reactapp/src/components/PerformanceChart.test.js",
      "/home/coder/project/workspace/question_generation_service/solutions/ff9123be-1fbf-49aa-ae87-49eccb28ece0/reactapp/src/components/PerformanceChart.js"
    ],
    "description": "Fix async rendering/test ID issues in PerformanceChart and its test. Replace all synchronous getByTestId calls with findByTestId, ensure all message states are rendered with proper data-testid. Handle subject/swapping async waits with waitFor/findByTestId. Ensures step 14 test cases pass."
  },
  {
    "step": "Compile, lint, and run all frontend (React) tests to validate UI logic.",
    "sub_steps": [
      "Run npm install in /home/coder/project/workspace/question_generation_service/solutions/ff9123be-1fbf-49aa-ae87-49eccb28ece0/reactapp/ to install dependencies.",
      "Run npx eslint src/ --fix for linting and minimal auto-fixes.",
      "Run npm run build to ensure successful compilation.",
      "Run npm run test:ci to execute tests and validate all test cases pass (do not use other test commands)."
    ],
    "files_to_add": [],
    "files_to_edit": [],
    "description": "Validates that the React-based frontend compiles, is stylistically correct, and passes all required Jest tests as per the project requirements."
  }
]