[
  {
    "step": "[FIX] Refactor and enhance ScoreForm.js and ScoreForm.test.js to address missing success/error message test IDs and async rendering issues.",
    "sub_steps": [
      "Review ScoreForm.test.js errors: confirm that after successful submission, an element with data-testid='score-success-message' is rendered, and after a backend error, an element with data-testid='score-error-message' is rendered.",
      "Update ScoreForm.js: ensure it conditionally renders a div/span (or similar) with data-testid='score-success-message' after successful API POST, and with data-testid='score-error-message' if API returns error. Ensure success/error state resets appropriately on resubmission or input change as per standard UX patterns.",
      "In ScoreForm.test.js: for all test assertions that look for these elements, use async accessors like 'findByTestId' to account for any state-driven async rendering (i.e., 'await screen.findByTestId(\"score-success-message\")'). If necessary, handle async actions/state with act() and waitFor. Ensure the tests for both successful and failed API submissions wait for and assert the presence and contents of the correct test IDs.",
      "Verify that the API mocks in ScoreForm.test.js are triggering both success and failure branches and appropriately causing the ScoreForm to render the success or error messages.",
      "Rerun tests for ScoreForm until test cases pass and these errors no longer appear."
    ],
    "files_to_add": [],
    "files_to_edit": [
      "/home/coder/project/workspace/question_generation_service/solutions/ff9123be-1fbf-49aa-ae87-49eccb28ece0/reactapp/src/components/ScoreForm.js",
      "/home/coder/project/workspace/question_generation_service/solutions/ff9123be-1fbf-49aa-ae87-49eccb28ece0/reactapp/src/components/ScoreForm.test.js"
    ],
    "description": "Fixes the missing success/error message elements and test ID issues in ScoreForm. Ensures all necessary feedback UI is present and test-accessible so that tests for API success and error states pass."
  },
  {
    "step": "Compile, lint, and run all frontend (React) tests to validate UI logic.",
    "sub_steps": [
      "Run npm install in /home/coder/project/workspace/question_generation_service/solutions/ff9123be-1fbf-49aa-ae87-49eccb28ece0/reactapp/ to install dependencies.",
      "Run npx eslint src/ --fix for linting and minimal auto-fixes.",
      "Run npm run build to ensure successful compilation.",
      "Run npm run test:ci to execute tests and validate all test cases pass (do not use other test commands)."
    ],
    "files_to_add": [],
    "files_to_edit": [],
    "description": "Validates that the React-based frontend compiles, is stylistically correct, and passes all required Jest tests as per the project requirements."
  }
]